Metrics,Correlation
Metrics 1&3,0.43301927393875694
Metrics 2&3,0.33469535156162405
Metrics 1&4,-0.292151983447409
Metrics 2&4,0.3154950398196757
Metrics 1&6,-0.7
Metrics 2&6,-0.6668859288553503
Metrics 5&6,-0.39999999999999997
