Metrics,Correlation
Metrics 1&3,0.5089247545677184
Metrics 2&3,0.2539941950762903
Metrics 1&4,-0.16902997750691898
Metrics 2&4,0.14870328783230208
Metrics 1&6,0.0
Metrics 2&6,-0.39999999999999997
Metrics 5&6,1.0
