Metrics,Correlation
Metrics 1&3,0.7119063579479533
Metrics 2&3,0.25266376517720746
Metrics 1&4,-0.315465195952803
Metrics 2&4,0.27623290261749284
Metrics 1&6,-0.3
Metrics 2&6,-0.3
Metrics 5&6,0.19999999999999998
