Metrics,Correlation
Metrics 1&3,0.5090141414039531
Metrics 2&3,0.10427820064741936
Metrics 1&4,-0.203330842059289
Metrics 2&4,0.28553673911324506
Metrics 1&6,-0.15389675281277312
Metrics 2&6,0.6668859288553503
Metrics 5&6,0.39999999999999997
